"","delta.sigma2_w","delta.sigma2_b","delta.theta","delta.sigma2_w_norm","delta.sigma2_b_norm","delta.theta_norm","contrast"
"1",0.00670272343180196,0.00413371024120631,0.55262370729877,0.00280030677667859,0.00736018639152358,1.20724145548349,"Data2-Data1"
"2",0.0069396022176147,-0.00361470088705158,5.80297346931115,0.0078127599407375,0.000430027382827681,0.0549861899616149,"Data2-Data1"
"3",-0.000851645391502899,-0.0014259650743591,4.17400032397426,-0.00114656342922866,-0.00120169404130814,3.95046374835799,"Data2-Data1"
"4",0.00512663491464292,-0.00110368418599598,6.07113739116665,0.00514055379292388,-0.00103692383158521,6.08414181047985,"Data2-Data1"
"5",0.00558060570412531,-0.00011050273660249,6.26338668609852,0.00553919349506006,0.000687536401943141,0.123490520492962,"Data2-Data1"
"6",0.00601916431588178,-0.00200295451655887,5.96194823910065,0.00586409718382364,-0.00241961362115107,5.89185157672793,"Data2-Data1"
"7",0.00610049096319448,-0.0045228333464104,5.64521843044547,0.0059847434219294,-0.00467491792923599,5.62005109807415,"Data2-Data1"
"8",0.0092277077137595,-0.00594004358439402,5.71123878393426,0.0105754928810799,-0.00293149411688067,6.01277778111897,"Data2-Data1"
"9",0.0015863883861273,-0.00407338300563013,5.08376957458954,0.00272473916091232,-0.0034183144570368,5.3853592532538,"Data2-Data1"
"10",0.00146028069106787,0.0045159540915107,1.25804810990779,0.00242078560453356,0.00408240837131968,1.03555474610109,"Data2-Data1"
"11",0.00611413737484451,-0.00372728851193185,5.73572370869698,0.00463580528342798,-0.0054575328550354,5.4165534368377,"Data2-Data1"
"12",0.00560683496420194,0.0055588541531031,0.781101024612186,0.00619178397752671,0.00489890487628739,0.669348570151018,"Data2-Data1"
"13",0.00382843968433917,-0.00476452972332263,5.38927829045123,0.00245422105638936,-0.00559772211773887,5.12558150588293,"Data2-Data1"
"14",0.0043435209250422,0.0023536553619763,0.49658558589121,0.00148686309275946,0.00471116819192745,1.26508620292219,"Data2-Data1"
"15",0.0023965031269153,0.010109847189537,1.33804592713643,0.00212379286082384,0.0101706313136116,1.36493817533177,"Data2-Data1"
"16",0.00590744564891185,-0.00163977843055936,6.01242370048457,0.0060778730243805,-0.000803894828745132,6.15168279297484,"Data2-Data1"
"17",0.0033833016608845,-0.00138003161105163,5.89589153408194,0.0034427294106289,-0.00122426777350232,5.94152180103501,"Data2-Data1"
"18",0.0078753368334714,-7.5139445488281e-05,6.2736444878913,0.00614546962264987,0.00492542173767763,0.675637849840423,"Data2-Data1"
"19",0.00589832400331577,-0.00524320510519448,5.5565192486507,0.00628738464713039,-0.00476971908211138,5.63419186765234,"Data2-Data1"
"20",0.00340243837908735,-0.00107949848700343,5.97595890418647,0.00335443332653195,-0.00122052487265973,5.93422186399871,"Data2-Data1"
"21",0.00576031495809969,-0.00473600319340878,5.59506683494323,0.00482838386993748,-0.00568310336603275,5.41665274542786,"Data2-Data1"
"22",0.00671641540411998,-0.00219096932725882,5.96785839038075,0.00700811803259924,-0.000892672456641597,6.15649065404008,"Data2-Data1"
"23",0.0051159130901292,-0.00206409338623286,5.89969518066771,0.00551650415166087,3.5074172176737e-05,0.00635795761279526,"Data2-Data1"
"24",0.000196764332523301,0.00250857758192282,1.4925199764579,-0.00114291809721952,0.00224174394392562,2.04228043889322,"Data2-Data1"
"25",0.00414398647417168,0.0036141204775991,0.717205701574885,0.00526203228656056,0.0015954644903329,0.294392819565077,"Data2-Data1"
"26",0.00132923027706214,0.00790234493506634,1.40414925528683,0.00177389424595251,0.00781455103037941,1.34758014849643,"Data2-Data1"
"27",0.0036414712557764,0.0128399663530739,1.29444838034307,0.00140158910756594,0.0132725505020048,1.46558566977289,"Data2-Data1"
"28",0.0025327415292178,0.0060416809667711,1.17383887519739,0.00207673962433696,0.00621319894183161,1.24822420206939,"Data2-Data1"
"29",0.0073295547376333,0.00282310993193072,0.367655145863746,0.00544374694236933,0.00566197329269339,0.805045540164894,"Data2-Data1"
"30",0.0029482800293132,0.00188599593513729,0.569095810930645,0.00314885037655859,0.00152776866856479,0.451723900389349,"Data2-Data1"
"31",0.0041627526168526,0.00586256278037811,0.953352667027912,0.000789950238356357,0.00714661670470081,1.46070837055406,"Data2-Data1"
"32",0.00486261182250529,0.00836441709975038,1.04420670664863,0.00492503458346363,0.0083278149298992,1.03672748279655,"Data2-Data1"
"33",-0.000508425837925821,0.00297573601170907,1.74001946077736,-0.000615733011461904,0.00295539752024137,1.77619988634732,"Data2-Data1"
"34",0.00406019394165035,0.0021035181532298,0.478009269639712,0.00452997474354595,0.000623932919164668,0.136873111760349,"Data2-Data1"
"35",0,0,0,0,0,0,"Data2-Data1"
"36",0.0041034466408587,-0.00116764018832668,6.00596139152946,0.00426194633804982,-0.00019357519302288,6.23779706626239,"Data2-Data1"
"37",0.0038831501607408,0.00246798166863518,0.56615824790185,0.00276198916590273,0.00367983756910771,0.926928174347119,"Data2-Data1"
"38",0.000222965572744101,0.0129018068052658,1.55351631452622,-0.00162658496771909,0.0128008028587985,1.69718794985421,"Data2-Data1"
"39",0.0040852296068019,0.000753995452574041,0.182512324213091,0.00361994094105724,0.00203804751319756,0.512773556438661,"Data2-Data1"
"40",0.0107487528828074,-0.00622450821399857,5.7582818171681,0.0117796477463144,-0.00393955454519247,5.96044143891831,"Data2-Data1"
"41",-0.00048127611439315,-0.00012481133898542,3.39533693594241,-0.000373202596587558,-0.00032851847820938,3.86339878542151,"Data2-Data1"
"42",0.000258692600136501,0.00379314558529641,1.502701752184,-0.0023372459753316,0.00299869247229776,2.23286296800732,"Data2-Data1"
"43",-0.00389169446531077,0.00805265304429349,2.02097952441632,-0.00508394115211184,0.00735826400891973,2.17539948463099,"Data2-Data1"
"44",0.00193001439048136,0.0145517402965128,1.43893475299015,0.00798454592430457,0.0123176754132949,0.995674450175239,"Data2-Data1"
"45",0.0037559587374241,-0.002821756022549,5.63886901725026,0.00421880048914233,-0.00206670160420812,5.82766726211227,"Data2-Data1"
"46",0.0033253459189412,-0.0026081240340072,5.61808083558671,0.00296843714340664,-0.00300809198380447,5.49115214583582,"Data2-Data1"
"47",0.0036849450215499,-0.00148758196791106,5.89950042912958,0.00397314826514606,-7.62416307957736e-05,6.26399843829944,"Data2-Data1"
"48",0.00376599424317412,-0.00213197802311567,5.76805554639583,0.00344181192437372,-0.00262335159822463,5.63192134320843,"Data2-Data1"
"49",0.0021902012069595,-0.000733229747659299,5.96013570470743,0.00217343472082577,-0.000781529720566249,5.93799911892126,"Data2-Data1"
"50",0.00200930628317294,-0.0030636731770314,5.29286483177031,0.0015663667592691,-0.00331208397398326,5.15414280534624,"Data2-Data1"
"51",0.0064075744965067,-0.00290528408091587,5.85749591325394,0.00703175867568227,-0.000228158817654292,6.25074978001693,"Data2-Data1"
"52",0.0080963492609717,-0.00298640788862606,5.92980973685019,0.00840681561518986,0.00194806433289171,0.227705535436172,"Data2-Data1"
"53",0.0033544847437909,-0.0051724464587981,5.28772984834026,0.00482878754537861,-0.00383269893248286,5.6122861837524,"Data2-Data1"
"54",0.0050778567785019,-0.00295768139819634,5.75575786910019,0.00585111756626783,-0.000544914618932556,6.19032315284027,"Data2-Data1"
"55",0.0092829870594803,-0.00240340183662211,6.02984418919857,0.00927722509989785,0.00242554809900414,0.255727540256969,"Data2-Data1"
"56",0.0026023113138065,0.00903187606514124,1.29026910948305,-0.00300821427840063,0.00890491191900645,1.89657509065421,"Data2-Data1"
"57",-0.000307203279111597,-0.00208950842464878,4.56641296762681,0.000992826170111844,-0.00186405887978792,5.20178707178124,"Data2-Data1"
"58",-0.0069341475004969,-0.0057931022148965,3.83757615081911,-0.00314067071829047,-0.00847222652377514,4.357391795932,"Data2-Data1"
"59",-0.0043559427655876,0.00186241921589845,2.73755715213427,-0.00456717573128144,-0.00125847071972953,3.41046716160647,"Data2-Data1"
"60",-0.00438795633176666,0.0041337322081983,2.38601824450528,-0.00556311340786994,0.00232242802897415,2.74611798609036,"Data2-Data1"
"61",0.00434349242342858,0.00651088470217646,0.982485148581621,0.00402371703496015,0.00671321437613819,1.0308382470653,"Data2-Data1"
"62",0.00384623930845774,0.00631019956177651,1.02340084685738,0.00205234207920553,0.00709930048084262,1.28937782557085,"Data2-Data1"
"63",0.0013109383325757,0.00552523265979895,1.33784001730043,0.000670992447731454,0.00563884069572928,1.45235849665245,"Data2-Data1"
"64",0.00301230243265315,0.0120234130335102,1.32531289479853,0.00499471578006818,0.0113441280491931,1.15604580383037,"Data2-Data1"
"65",0.00218971408380614,0.00909223801290978,1.33446353771321,0.00188475461874058,0.00916031330683381,1.3678759728335,"Data2-Data1"
"66",0.00207289466891643,0.0108629843517751,1.3822412940602,0.00490341989575242,0.00991250698165061,1.1114217966156,"Data2-Data1"
"67",0.000799471024880089,0.00931103503193918,1.48514365864692,0.00160454713513087,0.00920651702745206,1.39824562463509,"Data2-Data1"
"68",0.00193779706971215,0.00765087522929556,1.32273503519241,-0.00205103472725513,0.00762129948271467,1.83368662403622,"Data2-Data1"
"69",0.0026759943512637,0.0120505377435329,1.3522778668435,0.00273647893764513,0.012036946818032,1.34725580162099,"Data2-Data1"
"70",0.00176843543437802,0.00317297554970269,1.06233304827166,0.00105538966254439,0.00347581506768834,1.27600523509331,"Data2-Data1"
"71",0.00261982043799531,0.0063057922880669,1.1770316527357,0.00459068825475771,0.00505490423798627,0.833488321670829,"Data2-Data1"
"72",0.00191042192387788,0.00880174741593292,1.35706128160555,-0.000224916087802787,0.00900388151046884,1.59577103607281,"Data2-Data1"
"73",0.00472856165866556,0.0034258084656243,0.626975601303741,0.00541630193899963,0.00218154356099848,0.38289514312385,"Data2-Data1"
"74",0.00559037585542859,0.00339591026348137,0.54588420418415,0.00547196466530311,0.00358358918184706,0.579812090339081,"Data2-Data1"
"75",0.00755234188658458,0.00445477186905824,0.532925095210114,0.00763267569679339,0.00431568326974909,0.514606419056888,"Data2-Data1"
"76",0.00494873311576605,0.0022917699159891,0.433696259309984,0.00442537714081549,0.00318719405754653,0.6241603289619,"Data2-Data1"
"77",0.00316172912038451,0.00505968697280623,1.0122787704924,0.00124965781962985,0.00583397965605901,1.35978177048609,"Data2-Data1"
"78",0.000610634933336501,0.00147475981431846,1.17823070803448,0.000511198556407589,0.00151210699610388,1.24478852423766,"Data2-Data1"
"79",0.00325037070810586,0.0057607674954051,1.05709722701123,0.00185323465404025,0.00634955692889613,1.28681636356515,"Data2-Data1"
"80",0.000988585303144399,0.00046418864223218,0.438990927675367,0.000994923417143654,0.000450443549392875,0.425131777282512,"Data2-Data1"
"81",0.00316343267076398,0.00680042815292491,1.13538951642509,0.00130324720053961,0.00738611373185089,1.3961483704474,"Data2-Data1"
"82",-0.000401142967354799,-0.0012410190392843,4.39975270162123,-0.000366453818697762,-0.00125170105651716,4.42758327086466,"Data2-Data1"
"83",0.0040256078589267,0.0082852354886911,1.11851057470871,0.00574262906481006,0.00720228138584696,0.89768266509102,"Data2-Data1"
"84",0.00671962906764654,-0.0012207193782349,6.10348038474558,0.00618564619312516,-0.00289505643824687,5.84544073851192,"Data2-Data1"
"85",0.00349545872879214,0.00635334216657,1.06781771733747,0.00528348161370761,0.00496669008976997,0.754502025591356,"Data2-Data1"
"86",0.0078634649180865,-1.53916793360284e-06,6.2829895705762,0.007256404783219,-0.00302963240494478,5.8876745502427,"Data2-Data1"
"87",0.00423444214769611,0.008817166825725,1.12307339012641,0.00503159606175715,0.00838784669662963,1.03047430835924,"Data2-Data1"
"88",0.00620541610981189,0.00705518370789325,0.849392799489031,0.00590904676848914,0.00730520174504738,0.89066289991744,"Data2-Data1"
"89",0.0017607808152575,0.0061667457413515,1.29266856723776,0.00336650299373181,0.00545854923134806,1.01815920176601,"Data2-Data1"
"90",0.0028430908076605,0.00197813832336571,0.607881637613895,0.00101927353390018,0.00331017794537732,1.27208843144569,"Data2-Data1"
"91",0.0041193081000883,0.00296190037448905,0.623383012004817,0.00345512009837867,0.0037153328461433,0.82167182871437,"Data2-Data1"
"92",0.0042824883199487,0.00263249890167286,0.551167302429364,0.00116671870654889,0.00488963435622693,1.33656546582681,"Data2-Data1"
"93",0.00310061135497487,-0.00144417462003497,5.84729395378548,0.00329600687315517,-0.000914204462834275,6.01261958922074,"Data2-Data1"
"94",0.00440214166905468,0.00275150261421057,0.558626116321348,0.00448856200780812,0.00260814666238245,0.526380405475874,"Data2-Data1"
"95",0.0031108906178532,-0.0015471808429923,5.82166525482815,0.00292174825252895,-0.00188010535503026,5.71140268238545,"Data2-Data1"
"96",0.00395262628797873,0.0062549222149401,1.00723449090945,0.00390556508858419,0.00628441467649964,1.01474062601713,"Data2-Data1"
"97",0.0010904243792124,0.0139691006875909,1.49289455657428,0.0026760469266129,0.0137536748614106,1.37862772268156,"Data2-Data1"
"98",0.00125025597811679,0.0086344380566826,1.42699700062216,0.00265557898073157,0.00831050906037664,1.2615064605047,"Data2-Data1"
"99",3.27632614951986e-05,0.000352259074605189,1.47805414794687,-0.000129414579555117,0.000329259401603173,1.94529482478823,"Data2-Data1"
"100",-0.0010286051021284,-0.0029947320570236,4.38154199686356,0.000490103199602599,-0.00312829784439217,4.86779343267015,"Data2-Data1"
"101",0.001344938549906,-0.00146944851283857,5.45357544719678,0.001954182891487,-0.000386403754544698,6.08797182759174,"Data2-Data1"
"102",-0.0010050695977269,0.00047608873843878,2.69921587937546,-0.00111163538841714,-3.30476377646725e-05,3.17131274651491,"Data2-Data1"
"103",0.00170173311658731,-0.00125081398885742,5.64933820089627,0.00193071109043653,-0.000856029158426721,5.86585431748493,"Data2-Data1"
"104",-0.0003627690300874,-0.000324500538786739,3.87136633387707,-0.00018143243171231,-0.000451646146431468,4.33040617376199,"Data2-Data1"
"105",-0.0012306395766391,0.00077503177040078,2.57956366253545,-0.00145434399613951,5.61726036385783e-06,3.13773027134324,"Data2-Data1"
"106",0.0022003109659878,-0.0015580267701757,5.66704782636913,0.00264810249656595,-0.000506328876632072,6.0942611717445,"Data2-Data1"
"107",0.0015202112015399,0,0,0.00107495164944461,0.00107495164944461,0.785398163397448,"Data2-Data1"
"108",-0.0004542284648269,-0.00133389341308751,4.38417698734245,-0.000339931302179297,-0.00136749473327539,4.46874760468776,"Data2-Data1"
"109",-0.0023388570841011,0.00390678909160311,2.11023347910598,-0.00399414666172065,0.00218633161043442,2.64076017680025,"Data2-Data1"
"110",-0.00191466581733579,0.00442171517121336,1.9794355119878,-0.0040979220498165,0.00253466864127055,2.58766282557482,"Data2-Data1"
"111",-0.0004745892904562,0.00717686809817331,1.6368278215798,-0.0037276701711736,0.00615119059923655,2.11562170282076,"Data2-Data1"
"112",0.0021704749279972,0.0030462719909125,0.95172893652198,0.00114519186600443,0.00356079626568549,1.25963255197426,"Data2-Data1"
"113",0.00109069054526738,-0.000122167351763101,6.17164105851384,0.00107003666337757,0.000244033330510922,0.224225761954998,"Data2-Data1"
"114",0.00205311592866092,0.00171570551973633,0.696109437184095,0.00104580289041509,0.00246276810954145,1.16922615603165,"Data2-Data1"
"115",0.000483948111740299,0.00427217849496573,1.45799816615966,-0.0024372908459937,0.00354193848051318,2.17350688488416,"Data2-Data1"
"116",0.0012468541916728,0.00654813697311174,1.38263524233528,-0.00267667513773306,0.00610476481127379,1.98400950120121,"Data2-Data1"
"117",0.00253055725170061,-0.00013099857917691,6.23146478173817,0.00249054754808646,0.000466962035503357,0.185341887490326,"Data2-Data1"
"118",-0.0023393171177144,0.00068066901525313,2.85844153485124,-0.00229793536739686,-0.000809449153946016,3.48027106942039,"Data2-Data1"
"119",0.0011899155309092,0,0,0.000841397340945086,0.000841397340945086,0.785398163397448,"Data2-Data1"
"120",0.00214284397296768,0.00522098743253597,1.18133199910845,0.00131130715311775,0.00548916784343171,1.33630118263671,"Data2-Data1"
"121",0.0054021695546125,0.00850715736169648,1.00502785687944,0.000676796793373189,0.0100547057825641,1.50358626345348,"Data2-Data1"
"122",0.0019740337255714,-0.000341719244657736,6.11177688605931,0.00166376020374421,0.00111601217569514,0.590842863585701,"Data2-Data1"
"123",0.0037873593989805,0.00343351848140752,0.736434850149303,0.00193825051985523,0.00473036206875265,1.18191591358669,"Data2-Data1"
"124",0.0050868852229389,-0.000556531215674248,6.17421360044624,0.00408604724203837,0.00308064055047073,0.646018894344981,"Data2-Data1"
"125",0.0085062455642722,-0.00418135452755652,5.82631015075743,0.00947647630832553,0.000190620205022583,0.0201123809811421,"Data2-Data1"
"126",0.0057942585702275,-0.0002055820637364,6.24771987867956,0.00533993603462202,0.00225849053788813,0.400127373802227,"Data2-Data1"
"127",0.0055092501437093,-0.00229660563536765,5.88822643094289,0.0059676246856313,-0.000117005135815889,6.26358116778278,"Data2-Data1"
"128",0.0045662536477018,0.0171503520847296,1.3105844820219,0.00308826240684485,0.0174770673830539,1.3958980689332,"Data2-Data1"
"129",0.0066347358489591,0.00453378725511489,0.599457734259637,0.0045044125412895,0.00665471369166091,0.975759342378411,"Data2-Data1"
"130",0.0045038538720476,0.00354510822092647,0.666842557824708,0.00303275800962705,0.00486362733501258,1.01323399435025,"Data2-Data1"
"131",0.00126834841831809,0.00860609669104445,1.42447176579672,0.000925646397189069,0.00864966974590517,1.46418683452488,"Data2-Data1"
"132",-0.002190108275302,0.0068241796281727,1.88134588670986,-0.000889629743650909,0.0071115793445848,1.69524578985468,"Data2-Data1"
"133",0.00392208045327266,0.0064246854122032,1.02271353222898,0.00511079741027477,0.00552621457770586,0.824432260709846,"Data2-Data1"
"134",0.000992113693161639,0.00154531773779559,1.00005655176328,0.00103354545238488,0.00151791972408261,0.973007239702839,"Data2-Data1"
"135",0.0006187362521618,0.00355356353081586,1.39840743260143,-0.0019514164319237,0.00303358240806178,2.14242678553515,"Data2-Data1"
"136",0.0027847490968835,-0.000276393449691479,6.18425675857516,0.00219930142092668,0.00173040288127815,0.666638077033176,"Data2-Data1"
"137",0.000955556180368199,8.23814090178e-05,0.086000395363405,0.000954041183556175,9.83856212581607e-05,0.102761873825949,"Data2-Data1"
"138",0.00746584700613617,-0.00508692573340298,5.68507960499362,0.00789948159533693,-0.00438336348722336,5.77659358159765,"Data2-Data1"
"139",0.0030424977745971,0.0137914840198456,1.35366712785129,0.00350491680775379,0.0136812785348742,1.32000648889229,"Data2-Data1"
"140",0.0041615631663498,0.00479798576966129,0.856311938608036,0.00263335493148803,0.00577968141320949,1.14327628423729,"Data2-Data1"
"141",0.0027176264074089,0.00229315711865864,0.700888763214389,0.00172082746501628,0.00311172230392538,1.06564168878902,"Data2-Data1"
"142",0.0011727208678787,0.0021778554953124,1.0768444758655,0.00143370740061211,0.00201564180395492,0.952532793490442,"Data2-Data1"
"143",0.000489779390524801,0.00360585582740104,1.43579363569869,-0.00210745603447121,0.00296659892168722,2.18846455961615,"Data2-Data1"
"144",0.00321546395277934,0.0056487887673136,1.05330864230606,0.00521338806908045,0.00388183047163594,0.64002894917229,"Data2-Data1"
"145",0.00307998256044494,0.004924780519064,1.01190579932532,0.00470338189742853,0.00340851205961471,0.627107508557429,"Data2-Data1"
"146",0.00328328567145976,-0.00403525647574468,5.39539773805537,0.00335891610963365,-0.00397252340381978,5.41428641648192,"Data2-Data1"
"147",-0.0011736185038526,0.00911109412289873,1.69890292419731,-0.00727239004093077,0.00561264283573041,2.48430108759476,"Data2-Data1"
"148",0.00334133654280469,0.0052749009688665,1.00615036392061,0.00382005110119593,0.00493926307336251,0.912483470464797,"Data2-Data1"
"149",0.005628392644356,0.0018463275544206,0.316977350121662,0.0057479564394101,0.00143133712587129,0.24405298738309,"Data2-Data1"
"150",0.00328937407589624,0.0067296692875313,1.11615938352866,0.00280108798188638,0.00694710994935678,1.18753273600925,"Data2-Data1"
"151",0.00208558909252251,0.00151547758835483,0.628383933828726,0.000517144156820925,0.0025256516198242,1.36883120376157,"Data2-Data1"
"152",0.00230716373647942,-0.00095837127330956,5.8894830348038,0.00229833298791647,-0.000979359730173546,5.88036857318491,"Data2-Data1"
"153",0.0057958849960827,0.00108218231271803,0.184590110496461,0.00436239556731049,0.00396647278574883,0.737897717061947,"Data2-Data1"
"154",0.004900907868618,-0.00222835601183237,5.85644441533322,0.00526807550204692,0.00110988691175472,0.207644976759857,"Data2-Data1"
"155",0.0048163486627311,-0.00060595618292175,6.15803053243697,0.00473383271877152,0.00107481399660637,0.223264256271326,"Data2-Data1"
"156",0.0046452227507342,0.00061473838411348,0.131573223845459,0.00415403490223807,0.00216794642826548,0.481005322646747,"Data2-Data1"
"157",0.0031488338597954,0.0022226579494664,0.614652713076639,0.00158635940331771,0.00351266663383044,1.14660337860356,"Data2-Data1"
"158",0.00575665508117806,-0.00400021058703784,5.67590079811871,0.0051455654194393,-0.00476066371198106,5.53662212182326,"Data2-Data1"
"159",-0.000904069872768781,0.00121674487218033,2.20981741829082,-0.0010850049773104,0.00105857197111814,2.36852512592388,"Data2-Data1"
"160",0.0105227006231165,-0.00380743383423136,5.93601020395198,0.0110862537614979,0.00152274697223765,0.136500371009123,"Data2-Data1"
"161",0.001259049620806,0.00196491051040705,1.0009392685258,0.000482447731668474,0.00228327034049141,1.36256242408783,"Data2-Data1"
"162",0.00280916725818626,0.00877337765687673,1.26091902806373,0.00234199056612177,0.00890947003939326,1.31374627043078,"Data2-Data1"
"163",0.0053018312797052,-0.00140312242321749,6.02446791258951,0.00511428244951696,0.00198047531657402,0.369461712178049,"Data2-Data1"
"164",-0.0030439909802011,-0.00142148600960255,3.57847791830276,-0.00231674831951458,-0.00243293665907433,3.95144826469008,"Data2-Data1"
"165",0.000536018270351359,0.00513290729476221,1.46674565262616,-0.000581476291944793,0.00512795653303338,1.68370740978667,"Data2-Data1"
"166",0.00785189106085995,-0.0078838751500819,5.49575457385529,0.00789112019997535,-0.00784460978017595,5.50074285568213,"Data2-Data1"
"167",-0.00012923026721845,0.00404388321001753,1.60274242795293,-0.00151362091146082,0.00375215186454594,1.95423095076338,"Data2-Data1"
"168",-0.0014019052776705,0.00248651719085115,2.08417487682193,-0.00265967601753734,0.00103645049553533,2.77000524174435,"Data2-Data1"
"169",0.00185117812065208,0.003824021977679,1.11995598592712,0.00321441307905496,0.00277804842962706,0.712707532873452,"Data2-Data1"
"170",0.00425655878782442,0.00994430903793261,1.16635386884916,0.00152887130125551,0.0107084138648219,1.42898183122147,"Data2-Data1"
"171",0.0048468526030881,0.000130039389203199,0.0268232214211303,0.00484812628442539,-6.75420540836361e-05,6.26925462944774,"Data2-Data1"
"172",-8.21790461497992e-05,0.00135295776800884,1.63146208288973,-0.00101479497322203,0.000898576251614101,2.41686024628718,"Data2-Data1"
"173",0.0025028538944841,-0.00012153240895068,6.23466588446234,0.00214494856241006,0.00129547034245273,0.543328641163198,"Data2-Data1"
"174",-0.0014214441139713,-0.00029444628192931,3.34584970824427,-0.00106321353274843,-0.000988321286761675,3.89050154881574,"Data2-Data1"
"175",0.0104754298642932,-0.00122082179795955,6.1671672161454,0.00863715311173766,0.00605182805675272,0.611178126469987,"Data2-Data1"
"176",0.00232520558334936,0.0159454230486084,1.42599418263981,0.00599668447100813,0.0149566999220784,1.189483023864,"Data2-Data1"
"177",0.00231777751618889,0.0022824732209737,0.777723885591126,0.00266716640564132,0.00186225669112268,0.609527249981578,"Data2-Data1"
"178",-0.002364454752031,-0.00074705017562516,3.44761775595824,-0.00151700825587588,-0.00196148316100546,4.05408019610761,"Data2-Data1"
"179",0.0043250228213528,0.00785413835154875,1.06744038466884,0.00142089953995166,0.00885292924109623,1.41165309899966,"Data2-Data1"
"180",0.0071534445504028,0.00114063388886939,0.158121283496078,0.00688837984953737,0.00224121343307868,0.314558806751541,"Data2-Data1"
"181",0.00471527724343334,0.00631678476322023,0.929559578226784,0.000333353656207827,0.00787556249211347,1.52849397840804,"Data2-Data1"
"182",0.0051780966681747,-0.0022573248245811,5.87208736768779,0.00558588018885099,0.000840323142864703,0.14931731891149,"Data2-Data1"
"183",-0.0013811428520361,-0.0007962905930411,3.66458704250058,-0.00141918196811812,-0.000726331073040764,3.61463214421588,"Data2-Data1"
"184",0.00332695514243862,-0.0027589408719412,5.59085043418047,0.00317401456012661,-0.00293360134080463,5.53712969091319,"Data2-Data1"
"185",0.00571439226862069,-0.00492111651600558,5.57223676202552,0.00457268662389266,-0.00599684948981113,5.36385158071423,"Data2-Data1"
"186",0.00502202611380777,0.00207271902850002,0.391428407468257,0.00490978509495282,0.00232613859867644,0.442449231144641,"Data2-Data1"
"187",0.0059733839212449,-0.00102108579800263,6.11388241884974,0.00592927354476076,0.00125205707093163,0.208108052475973,"Data2-Data1"
"188",0.0066224328334491,-0.00224934737492388,5.95575541326993,0.00697848036602209,0.000465824030794732,0.0666526210709791,"Data2-Data1"
"189",0.0032615771555058,-0.00178837759361344,5.78163528820254,0.00370997371305081,-0.000268840114432141,6.21084759063997,"Data2-Data1"
"190",-0.00179451112923753,0.0056400334670247,1.87884186682636,-0.00281725788514079,0.00520512302551323,2.06689465456844,"Data2-Data1"
"191",-5.13064785651e-05,0.0014512149482683,1.60613576315841,-6.15308935289277e-05,0.00145081740062685,1.61318211649298,"Data2-Data1"
"192",0.000853873078818299,0.00074758965917839,0.719128879598742,0.000377484489214637,0.00107027799829926,1.23172031803938,"Data2-Data1"
"193",0.0025676214967097,-0.00520535107892954,5.17063470502442,0.00281886171847842,-0.00507369476982756,5.21950893172257,"Data2-Data1"
"194",0.00256712412875752,0.00683828262959376,1.21167080986319,0.00317089450081552,0.00658009602356612,1.12173991531782,"Data2-Data1"
"195",0.00108399654999395,0.00660210298135133,1.40805874653414,0.00147032160382888,0.00652694160216567,1.34922527845826,"Data2-Data1"
"196",0.0029726525771547,-0.00311652226437915,5.47416441515091,0.00415285609458656,-0.00114156061008194,6.01492539552464,"Data2-Data1"
"197",0.00567012009893372,-0.00148878945620602,6.02641379660651,0.00577569044394676,0.00100406965741647,0.172123885943738,"Data2-Data1"
"198",0.00207731163672697,0.00413241418633953,1.10500128477197,-0.000500813554910145,0.00459796220371152,1.67928939526526,"Data2-Data1"
"199",0.00205386775702262,-0.00086494554390127,5.88459705661287,0.00218067159830652,-0.000459537743380306,6.07549193373211,"Data2-Data1"
"200",0.00692756801685952,-0.00204451734324737,5.99620446815456,0.00699314885403877,-0.00180751733056987,6.03025115133807,"Data2-Data1"
"201",0.0037029182528388,0.00179097361749298,0.450494783153051,0.00209026870509116,0.00354259323466287,1.03773317538106,"Data2-Data1"
"202",0.0087873823779695,-0.00383871485552953,5.87132564740314,0.00891069143488046,-0.00354307761008138,5.90473151461585,"Data2-Data1"
"203",0.006297720915572,-0.00437028100832826,5.67653369966289,0.00743685298848503,-0.00185845700780218,6.03830235277286,"Data2-Data1"
"204",-0.0017449196858182,-0.0008716112214756,3.60485111619421,-0.00123026428932843,-0.00151357213563189,4.02987867391475,"Data2-Data1"
"205",0.00089403438745176,0.0029660321832558,1.27803328206745,0.0017545325000756,0.00255308834634328,0.968699370472306,"Data2-Data1"
"206",0.0015676679675711,0.00095360346567299,0.546495929151305,0.000743429935824227,0.00167757394972992,1.15364694699022,"Data2-Data1"
"207",0.0048665154123564,0.00426837365434204,0.720012682900764,0.000422950093202797,0.00645934200444932,1.50541084629821,"Data2-Data1"
"208",0.000896435251693202,0.0110609263346317,1.48992785070056,-0.00289529988499757,0.0107128393116185,1.83475464901043,"Data2-Data1"
"209",0.0053367414310279,-0.00202354147069658,5.92076225707352,0.00555195209917548,-0.00132338848179195,6.0491872919066,"Data2-Data1"
"210",0.00146406498190685,0.00958566529801198,1.4192328055608,0.00295207607661359,0.00923654222718885,1.26144868748165,"Data2-Data1"
"211",0.00442425603903543,0.00504380801797699,0.850740979045045,0.00413841785183323,0.00528086531780337,0.906096762981871,"Data2-Data1"
"212",0.006450681110701,0.00640973788374412,0.782214512176914,0.00623427170258326,0.00662041410099314,0.815428171345306,"Data2-Data1"
"213",0.00034457001875791,0.00548233081588871,1.5080278821,0.002131865810994,0.00506259102007902,1.17223218142031,"Data2-Data1"
"214",0.00185315490612803,0.00317075843732628,1.04188791494932,0.00214275382122773,0.00298269982324674,0.947831735461114,"Data2-Data1"
"215",0.00051216044202368,0.00420717799085865,1.4496574695761,0.00116285574829657,0.00407558848189963,1.29285922771696,"Data2-Data1"
"216",0.0069249338524838,-0.00332980135553495,5.83498095537029,0.00735436966825069,-0.00222610258328604,5.9892614037338,"Data2-Data1"
"217",0.000285051150697799,0.00738785897282789,1.5322317269993,-0.00307777205582786,0.0067222788943388,2.00015623682172,"Data2-Data1"
"218",0.0023437971465326,0.00721909950597252,1.25686642534169,-0.00237086249229077,0.00721025615244534,1.88847765203411,"Data2-Data1"
"219",0.004564179210394,-0.00112313940406719,6.04190229933267,0.00444463015548724,0.00152919480985735,0.331368333179697,"Data2-Data1"
"220",0.0051525668609536,0.00175303725207809,0.327941081221954,0.00373049595284957,0.003963014611321,0.815611666092835,"Data2-Data1"
"221",-0.00151484641564371,0.00142800878521562,2.38569388242542,-0.00198871906404233,0.000615601525303646,2.84140054699317,"Data2-Data1"
"222",-0.000907007763526899,0.00451552245426069,1.76902291388099,-0.00306627744733239,0.00343664789206158,2.29930151774201,"Data2-Data1"
"223",-0.0017663601888357,0.00513303431368468,1.9022198549266,-0.00377356830512993,0.00390233927647083,2.33942007077188,"Data2-Data1"
"224",0.0010764815687695,0.00213051778547806,1.10294353790074,0.000450539636058625,0.00234412726584521,1.38091256088467,"Data2-Data1"
"225",0.000279290995138999,0.00315151632079259,1.48240609291559,-0.00139510262657681,0.00283967379138983,2.02745148683843,"Data2-Data1"
"226",0.0014143555020651,0.00330270946530716,1.16618375519146,0.000284327636577968,0.00358154283703676,1.49157555695966,"Data2-Data1"
"227",0.0028616691714423,0.00127552275457277,0.419294685453803,0.00195647009005965,0.00244710717601787,0.896358366849089,"Data2-Data1"
"228",0.0033848156275239,-0.00672967746246814,5.17840855050557,0.00414316031997461,-0.00629124456241923,5.29475806993331,"Data2-Data1"
"229",0.000791618966912761,0.00700251659177367,1.45822646186792,-0.000480519899192576,0.00703071830137729,1.63903598252829,"Data2-Data1"
"230",0.00272777035164916,-0.00529743649965162,5.18790336221618,0.00217080315037638,-0.0055489799280132,5.08529280318087,"Data2-Data1"
"231",0.0055128054439606,-0.00185870570194809,5.95799337690729,0.00581688693224753,9.81690728482326e-05,0.016874963440507,"Data2-Data1"
"232",0.0036471133059202,0.00190510473032696,0.48137488326107,0.00194185664110381,0.00362767863586831,1.07931762244531,"Data2-Data1"
"233",0.0044951870909106,-0.00206645409408383,5.85229115467129,0.00494700230033184,6.40916980320038e-05,0.0129549388879253,"Data2-Data1"
"234",0.002492278567293,0.00173204988795739,0.607339721097983,0.00162749309702859,0.00256177975058074,1.00482608427953,"Data2-Data1"
"235",0.0087496498234517,-0.00022618231258889,6.2573406213254,0.00693433847304388,0.00534064419455367,0.656287671564975,"Data2-Data1"
"236",0.0003782822016185,0.0122947838137883,1.54003833153524,-0.00685555307848261,0.0102130406069868,2.1619686446164,"Data2-Data1"
"237",3.34516730880058e-06,-0.00018924173264365,4.73006382890302,9.60311752034037e-05,-0.00016310008248725,5.24452267746172,"Data2-Data1"
"238",-0.0036539665486189,0.000446628313709599,3.01996489317435,-0.00336848529258774,-0.00148467343973451,3.55673107313868,"Data2-Data1"
"239",9.03984273782996e-05,-0.00347326188694659,4.73841005987052,0.000328148933082446,-0.00345890709454664,4.8069765801021,"Data2-Data1"
"240",-0.000535825153196501,-0.000126490368320909,3.37341505821742,-0.000477034475375463,-0.000274857267284804,3.66431256371204,"Data2-Data1"
"241",-0.00023571859813067,0.00947318137813872,1.59567392159487,-0.000347410530944711,0.00946974311180655,1.60746625477501,"Data2-Data1"
"242",0.007374069161299,0.00951522653204554,0.91150145209691,0.0040247383086088,0.0113453917296399,1.22989924995715,"Data2-Data1"
"243",0.00030508542503946,0.0061933121866956,1.52157565104349,0.00121213571965807,0.00608119395806224,1.37404961533621,"Data2-Data1"
"244",0.00363898679998766,0.0052906393200758,0.968294379479714,0.00580754937380743,0.00273960939120989,0.440778920221065,"Data2-Data1"
"245",0.00360963295436153,0.00822917721063974,1.15743079263868,0.00607875986614644,0.00661796691734347,0.827840853460995,"Data2-Data1"
"246",0.00110309139424063,0.0163304843123699,1.50335079069757,0.00817255922126058,0.0141813541058531,1.04799382413529,"Data2-Data1"
"247",0.00281393772823031,0.011137221164637,1.32331507841523,0.00413933595461502,0.0107154952598201,1.20216065738141,"Data2-Data1"
"248",0.00074718959569809,0.0173963502464411,1.52787176932133,0.00733181358943157,0.0157935367691533,1.13617298786228,"Data2-Data1"
"249",0.00147936167717946,0.0125192248717779,1.45317457864301,0.00398875005934347,0.0119586527387552,1.24885519181929,"Data2-Data1"
"250",0.00483187989864582,0.00965666698684431,1.10685496142975,0.00455140235843754,0.00979198739895816,1.13569583573395,"Data2-Data1"
"251",0.000674470227210769,0.0104802498539693,1.50652864379229,3.13301314221738e-05,0.0105018839029901,1.56781304886438,"Data2-Data1"
"252",0.00073682369462031,0.0108618546566103,1.50306419337641,-0.000180432108588822,0.0108853222273147,1.58737053403383,"Data2-Data1"
"253",-0.00019535318085482,0.00645407591636259,1.6010552759759,0.000617380046739898,0.00642744900231259,1.47503644196373,"Data2-Data1"
"254",0.00352891454337526,0.00234179464717128,0.585877889137373,0.00309581861379843,0.00289018115944738,0.751058600054756,"Data2-Data1"
"255",0.0030053118070711,0.00596568818649631,1.10414033390448,0.0024552302753721,0.00621234085438966,1.19441896133821,"Data2-Data1"
"256",0.0023602557319565,0.00641225606548022,1.21810179854629,-0.00121610460696361,0.00672375821653659,1.74972873132546,"Data2-Data1"
"257",0.00425789387187421,0.0047832782555001,0.843443093803246,0.00575653458782845,0.00280565868074125,0.453506187967177,"Data2-Data1"
"258",-0.00600255497237779,0.00592218253594146,2.36293436344994,-0.00763806877992255,0.00357250857222201,2.70409754481666,"Data2-Data1"
"259",-0.0012681147494993,0.0119711029179098,1.67633406052807,-0.0067161237984046,0.00999045050103291,2.16265735603875,"Data2-Data1"
"260",0.0006852709810071,0.001163847110167,1.03865422783202,0.000533193823496056,0.00124090320325164,1.16496664025439,"Data2-Data1"
"261",0.0001556400243535,0.0136889007696467,1.55942701958423,-0.0018292696192424,0.013567018860403,1.70482015451598,"Data2-Data1"
"262",-0.0016358570352528,-0.00068432635011751,3.5377993173643,-0.00116111202196301,-0.00134020508344962,3.99846834356126,"Data2-Data1"
"263",0.00174912935910794,0.0002070243480381,0.117810426913951,0.00174245876259117,-0.000257196532331217,6.13663796756457,"Data2-Data1"
"264",0.0014099890671404,-0.00059307656286184,5.88502620568676,0.00150286285011429,-0.000284977600203643,6.09578709744639,"Data2-Data1"
"265",0.0026665869272335,-0.0025631583693028,5.51756154398696,0.00295535622267992,-0.00222403603021323,5.63805793117551,"Data2-Data1"
"266",0.0062787856155696,0.0027510453063994,0.412955269012799,0.00593960553290752,0.0034223508291232,0.522729339449755,"Data2-Data1"
"267",0.0030652021590556,0.0068621740377915,1.15070598235067,0.00305803174785913,0.00686537243198827,1.15175065709428,"Data2-Data1"
"268",0.0069393766345087,0.0063604863678194,0.741899586804309,0.00603951047909997,0.00722046037892484,0.874225076546611,"Data2-Data1"
"269",0.0027307273582904,0.0037534940162735,0.941840874626535,0.00285530913082111,0.00365961733012705,0.90823284144565,"Data2-Data1"
"270",0.00476474864957478,-0.00891055623183997,5.20343364976877,0.00416250487877106,-0.00920730118919838,5.13697743551689,"Data2-Data1"
"271",0.006425624177834,-0.00214341254432969,5.96121937492653,0.00676343745177954,0.000372528181243587,0.0550241125127396,"Data2-Data1"
"272",0.0017439643644875,0.00243547984102847,0.949368979923248,8.55795812571853e-05,0.00299426950956827,1.54222298373601,"Data2-Data1"
"273",-2.08117038046005e-05,0.00258265664350688,1.57885440660274,-0.001233808740734,0.00226897872545202,2.06884595076667,"Data2-Data1"
"274",0.00330866868011452,0.000124022793700501,0.0374666574095129,0.00324417546899528,-0.000661812371066972,6.08194639843539,"Data2-Data1"
"275",0.0027495939282348,-0.0013828396477571,5.81720040179653,0.00263702395021578,-0.00158701510628696,5.74142826953655,"Data2-Data1"
"276",0.0017460799550713,0.00388978717640551,1.14886727536234,6.2482519806882e-05,0.00426325408836362,1.55614131319817,"Data2-Data1"
"277",0.0066977053862936,0.0056804417974706,0.703400216650442,0.0072290306346891,0.00498676172869367,0.603864007158177,"Data2-Data1"
"278",0.00607103712088733,0.0077110146562724,0.903834971020129,0.00861326287719245,0.00470414087382788,0.499883209825928,"Data2-Data1"
"279",-0.00774393219725333,0.00578213947015602,2.50022800933797,-0.00966436792516453,4.0191230933696e-05,3.13743397507636,"Data2-Data1"
"280",-0.0034170594334781,0.00286410883044823,2.44400121055328,-0.00437395317145781,0.000864839995876347,2.94638552458278,"Data2-Data1"
"281",-0.000970815178535801,-0.00631190589879253,4.55977792120511,-0.000307575288115076,-0.00637871739679917,4.66420731267625,"Data2-Data1"
"282",-0.0036722046970882,-0.00140103389762474,3.5060706136026,-0.00248668779581107,-0.00304374228964519,4.02737758391976,"Data2-Data1"
"283",-0.0022636131850215,0.00137163103933111,2.59681137055896,-0.00264461957788348,-0.000106318614245743,3.18177287217938,"Data2-Data1"
"284",0.0036775300933096,-0.00280978177201069,5.63075869741307,0.00408443449805583,-0.00217634924233513,5.79361230198855,"Data2-Data1"
"285",-0.00174458582154258,0.00255923313389301,2.16912295935868,-0.00220098665914366,0.00217919977253461,2.3611684124854,"Data2-Data1"
"286",-0.00753931214177878,0.00445421737493476,2.60796613339707,-0.00875076163738461,0.000324731827854093,3.10450069472096,"Data2-Data1"
"287",-0.0004933582543205,-0.00299618185010676,4.54919110978491,0.000742041171808443,-0.00294446649587943,4.95926048207322,"Data2-Data1"
"288",-0.00382106232538765,0.00427119737449626,2.30062637213647,-0.00513531772231107,0.00254404327740675,2.68163073618174,"Data2-Data1"
"289",-0.00071422672149366,0.00217933785935925,1.88749225239119,-0.00100727750968707,0.00206034592566655,2.02551453586588,"Data2-Data1"
"290",0.000175912474361399,-0.00285849601947839,4.77385168825274,0.00111370220766913,-0.00263848670351826,5.1117997650642,"Data2-Data1"
"291",0.0010541092007083,-0.00217290042490568,5.16405881019938,0.00162830324686233,-0.00178361178506725,5.45229908139771,"Data2-Data1"
"292",0.0019608772768777,-0.00264341719762917,5.35061905749062,0.00268068856210335,-0.00190960807725178,5.66421390647817,"Data2-Data1"
"293",0.0010858369948375,2.76896651242005e-05,0.0254952313334548,0.000965300105114361,0.000498000405600866,0.476288250978162,"Data2-Data1"
"294",-0.0019708011693336,0.00143456849130144,2.51237881633156,-0.00243762749506955,-4.02499224083685e-06,3.14324384459048,"Data2-Data1"
"295",-0.0035399980252783,0.00491356099316605,2.19511876364758,-0.00572247542706453,0.00198190379160538,2.80818498977465,"Data2-Data1"
"296",-0.000539302363285702,0.00598569503203193,1.66065224505187,-0.00432931341197606,0.00416850541998226,2.3751156750704,"Data2-Data1"
"297",-0.0016880498121852,0.00420171371196198,1.95281273507673,-0.00397901805678744,0.00216132496156115,2.64400022630518,"Data2-Data1"
"298",0.0013175543642137,0,0,0.000931651625517437,0.000931651625517437,0.785398163397448,"Data2-Data1"
"299",0.0042741932730933,0.00256685246988534,0.540821355006797,0.00120727225974483,0.00483734983526756,1.32621951840424,"Data2-Data1"
"300",0.000953905266866201,0.00505046098881195,1.38412051204089,-0.0011841024880492,0.00500149905083088,1.80326559697984,"Data2-Data1"
"301",0.0014244438351113,0.00595059252319363,1.33583909245485,0.000262754020678541,0.00611306403868729,1.52784039065509,"Data2-Data1"
"302",0.0026107452137554,0,0,0.00184607564459677,0.00184607564459677,0.785398163397448,"Data2-Data1"
"303",-0.00198185121495003,0.00301981555396616,2.15157519159714,-0.00271743196199612,0.00237961840430283,2.42237398861813,"Data2-Data1"
"304",0.0022224687050279,1.95102727129403e-05,0.00877842351961027,0.00216028742546326,0.000522404091633138,0.237266627005045,"Data2-Data1"
"305",0.001835378537041,0.00756863355798219,1.33289073247309,-0.000990057261328589,0.00772480517091114,1.69826737429309,"Data2-Data1"
"306",0.0034982632808639,0.0029144699525284,0.69461182948262,0.00261785743873657,0.0037254266221311,0.958260552278354,"Data2-Data1"
"307",0.0025695396899773,0.00220358610823926,0.708878276211064,0.0011321841957785,0.00319006032883754,1.22975408895541,"Data2-Data1"
"308",-0.00248767560653668,0.0119776275745341,1.77557843685922,-0.00305432932587354,0.011845807891685,1.8231405858553,"Data2-Data1"
"309",-0.00202976862592171,0.012920309289989,1.72662179993471,-0.00487488045816108,0.0121363047647294,1.952747980546,"Data2-Data1"
"310",-0.000746992020591799,0.0114647004827318,1.63586018452773,-0.00456299696344099,0.0105440226170664,1.97921862364178,"Data2-Data1"
"311",-0.002673592786029,0.00924999221532724,1.85216550366012,-0.00780235921021748,0.00564213125723386,2.51551033200256,"Data2-Data1"
"312",0.000457407812073679,0.008417307781616,1.51650837855434,0.00174028408628282,0.00824813333403565,1.36285492546868,"Data2-Data1"
"313",-9.17453809289002e-05,0.0132308815486454,1.57773040070161,0.00349904672176721,0.0127601456029348,1.30315836527137,"Data2-Data1"
"314",0.0016565251119078,0.00358310852191877,1.13774850170138,0.000500849872925451,0.00391559593561678,1.4435756282745,"Data2-Data1"
"315",0.0007444268113658,0.00174610045471199,1.1677939762477,-0.000293901989579742,0.00187527589862045,1.72625638916652,"Data2-Data1"
"316",-0.0006185229311516,0.0071441270271935,1.65715879174426,-0.00513567689926811,0.00500459232938718,2.36912089932218,"Data2-Data1"
"317",-0.0021349858672975,-0.00397331374537039,4.21932421354795,-0.000628057066629964,-0.00446664651542581,4.57269439809835,"Data2-Data1"
"318",-0.00058120264919506,-0.00136385708636129,4.30954780848497,-0.000180924061866538,-0.00147145137713992,4.59004685169074,"Data2-Data1"
"319",-0.002766185805167,0.0177502054235363,1.72539247346873,-0.00666708468203845,0.0166814735059279,1.95101819735708,"Data2-Data1"
"320",0.0040480405372476,0.00491428284307505,0.881752626914127,0.00299160386281312,0.0056202414877782,1.08165087064693,"Data2-Data1"
"321",0.0079417117496614,0.0032470407954173,0.388120090911914,0.00538110350061495,0.00668264801987084,0.892871323742659,"Data2-Data1"
"322",0.0035072854104983,0.00214839959964793,0.549598843864706,0.00268428231988211,0.00311629591304001,0.859738589744333,"Data2-Data1"
"323",-0.0023780659169321,0.00309212568056329,2.22639192089752,-0.00330548700693568,0.00207127844015538,2.58183050857003,"Data2-Data1"
"324",0.0049140731831216,-0.0043919598747781,5.55383320657844,0.00417099111129591,-0.00510296579845742,5.39762965598023,"Data2-Data1"
"325",0.00364791876013599,0.0050913030312,0.949082141654164,0.00519096396158702,0.00350464990912976,0.593848816433304,"Data2-Data1"
"326",0.00340761294036974,-0.00567003992543442,5.25353294836071,0.00312799059288188,-0.00582896676592328,5.20490835685616,"Data2-Data1"
"327",-0.0068241664629691,0.00649117745185801,2.38119719553913,-0.00929867728957216,0.00149640679302686,2.98203381289169,"Data2-Data1"
"328",-0.0053373279972123,0.00690364270104698,2.22892931129928,-0.00733435323294545,0.00472806676644146,2.56898993207835,"Data2-Data1"
"329",0.00135392978454843,0.0054988548934293,1.32937816561825,0.00316341779099944,0.00469716072538155,0.978095431375045,"Data2-Data1"
"330",0.0057259010479471,0.00859831223440768,0.983301722711348,0.00295565621746865,0.00989853587230886,1.28062875220304,"Data2-Data1"
"331",0.00090644406392679,0.008511496534549,1.46469978044554,0.00223386180775206,0.00826299434361022,1.30676266842346,"Data2-Data1"
"332",0.0004844480075007,-0.00190139546722547,4.96186655362378,0.000788107944755023,-0.00179690858481198,5.12571478502704,"Data2-Data1"
"333",-0.00054566163896363,0.00109603398201815,2.03272327666385,-0.000686837884400872,0.00101355356766516,2.16636651844337,"Data2-Data1"
"334",0.0019935198958137,-0.00225609723226122,5.43607712739954,0.00290058440476283,-0.000806663751056461,6.01193574821965,"Data2-Data1"
"335",0.002992482487168,0.004785669102131,1.01198076976579,0.00320183019442016,0.00464821079526282,0.967605951396351,"Data2-Data1"
"336",0.0014928811235608,0.00360838860025622,1.17851420105976,-0.00149588968242217,0.00360714241437264,1.96391236445721,"Data2-Data1"
"337",0.0014579780033535,-0.00043230589868945,5.99493288491464,0.0014866726411705,0.000319988603390005,0.212003734636546,"Data2-Data1"
"338",0.00477934524142355,-0.00150088196972888,5.97890256178615,0.00454386578624806,-0.00210904512524969,5.84862496705454,"Data2-Data1"
"339",0.0010339604837874,-0.00264582581945096,5.08492998885117,0.00125019260902575,-0.00255078164279983,5.168102505,"Data2-Data1"
"340",0.0023537201174574,0.00102054359490383,0.409121784654321,0.0014258779175148,0.00213269308264611,0.98146963692743,"Data2-Data1"
"341",0.00377908680279819,0.00347795236157943,0.743926459303884,0.00294541079742605,0.00420739883145221,0.960033417354927,"Data2-Data1"
"342",0.0035089398158905,0.00498346672328789,0.957313128942793,0.00236725245062849,0.00561637917600413,1.17190170889948,"Data2-Data1"
"343",-0.00010876357712929,0.00048381215286499,1.79192552374427,-0.000324190688658601,0.000375238740479814,2.28333839275824,"Data2-Data1"
"344",-0.00115760240362893,0.0055345124736504,1.77698451803458,-0.000451720293203747,0.00563620620830957,1.65077154286651,"Data2-Data1"
"345",-0.0001191917240811,0.0122131676393659,1.58055529709121,-0.00324120248218769,0.0117758344470277,1.8393873716852,"Data2-Data1"
"346",0.00230606695071859,-0.00167645896613436,5.65458209156122,0.00226317007671449,-0.00173393213540581,5.62942684651352,"Data2-Data1"
"347",-0.00207742815426361,-0.00157426768803006,3.79006484833869,-0.00149073861627863,-0.00213815922410804,4.10354027599965,"Data2-Data1"
"348",-0.0053809325587665,0.0030095558518048,2.63163733895595,-0.0059492980611547,-0.001617935167634,3.40712478595814,"Data2-Data1"
"349",0.0007170752729276,-5.60814933182e-05,6.20513552542577,0.000702805602097147,-0.000152991393868603,6.0688426275518,"Data2-Data1"
"350",0.0009366668186837,0.010186967375226,1.47910657692999,0.000899976432383121,0.0101902743561838,1.48270768714246,"Data2-Data1"
"351",0.0016683369247443,-0.000281026330581902,6.11630492652709,0.00160584171911032,-0.000532537572487054,5.96297286468469,"Data2-Data1"
"352",0.001779005395896,-0.00435635053359323,5.10009048251254,0.00371501742201526,-0.00288813014323943,5.62236488211575,"Data2-Data1"
"353",0.00019325516700318,0.00135825410643095,1.42946291694028,0.000152589458792719,0.00136342151746087,1.45934354055662,"Data2-Data1"
"354",-0.0011982651604698,-0.00023824330350181,3.33785673229981,-0.00109921085595922,-0.000533230494814926,3.59325180473985,"Data2-Data1"
"355",0.0034256727079652,0.00641091088515169,1.08004751171896,2.93694827414592e-05,0.00726871029226902,1.56675581317775,"Data2-Data1"
"356",0.00035238865207107,0.0144332824516602,1.54638617203302,0.00542380856673978,0.013380064301896,1.18567359989116,"Data2-Data1"
"357",0.00126373021570063,0.0076430325268427,1.4069347614552,0.00388623101876279,0.00670150496032467,1.04528420505013,"Data2-Data1"
"358",0.00120128874630353,0.00051894529799634,0.407776712986366,0.00107351978178778,0.000748300843523735,0.608745785680727,"Data2-Data1"
"359",0.0027139406161599,0.00403379415602406,0.978558913734428,0.000992486167669341,0.00475940544272089,1.36521097905632,"Data2-Data1"
"360",0.0093559233864616,8.43646512506306e-05,0.00901700038514767,0.00881741847521981,0.00312946500868312,0.341049826098401,"Data2-Data1"
